rouge1,rouge2,rougeL,rougeLsum
0.02192476958938977,0.0,0.021852580791682275,0.021870776977852405
